beta, energy, magnetization,
0.1, -51.08, 0.0639844, 
0.2, -109.96, 0.0823437, 
0.3, -181.56, 0.148203, 
0.4, -295.04, 0.391016, 
0.5, -447.76, 0.909922, 
0.6, -487.2, 0.972031, 
0.7, -503.68, 0.991172, 
